"time","mean_Ch1_Ch2_Trial_1_modified","mean_Ch3_Ch4_Trial_1_modified","mean_Ch1_Ch2_Trial_2_modified","mean_Ch3_Ch4_Trial_2_modified","mean_Ch1_Ch2_Trial_3_modified","mean_Ch3_Ch4_Trial_3_modified","mean_Ch1_Ch2_Trial_4_modified","mean_Ch3_Ch4_Trial_4_modified","mean_Ch1_Ch2_Trial_5_modified","mean_Ch3_Ch4_Trial_5_modified","mean_Ch1_Ch2_Trial_6_modified","mean_Ch3_Ch4_Trial_6_modified","mean_Ch1_Ch2_Trial_7_modified","mean_Ch3_Ch4_Trial_7_modified","mean_Ch1_Ch2_Trial_8_modified","mean_Ch3_Ch4_Trial_8_modified","mean_Ch1_Ch2_Trial_9_modified","mean_Ch3_Ch4_Trial_9_modified","mean_Ch1_Ch2_Trial_10_modified","mean_Ch3_Ch4_Trial_10_modified"
0,NA,NA,NA,NA,NA,NA,NA,NA,NA,NA,NA,NA,NA,NA,NA,NA,NA,NA,NA,NA
0.05,NA,NA,NA,NA,NA,NA,NA,NA,NA,NA,NA,NA,NA,NA,NA,NA,NA,NA,NA,NA
0.1,NA,NA,NA,NA,NA,NA,NA,NA,NA,NA,NA,NA,NA,NA,NA,NA,NA,NA,NA,NA
0.15,NA,NA,NA,NA,NA,NA,NA,NA,NA,0.831666666666667,NA,NA,NA,NA,NA,NA,NA,NA,NA,NA
0.2,NA,NA,NA,NA,NA,NA,NA,NA,NA,NA,NA,NA,NA,NA,NA,NA,NA,NA,0.105,NA
0.25,NA,NA,NA,NA,NA,NA,NA,0.977333333333333,NA,NA,NA,NA,NA,NA,NA,0.302666666666667,NA,NA,NA,NA
0.3,NA,NA,NA,NA,NA,NA,NA,NA,NA,NA,NA,NA,NA,NA,NA,NA,NA,NA,NA,NA
0.35,NA,NA,NA,NA,NA,NA,NA,NA,NA,NA,NA,NA,NA,NA,NA,NA,NA,NA,NA,NA
0.4,NA,NA,NA,NA,NA,NA,NA,NA,NA,NA,NA,NA,NA,NA,NA,NA,NA,NA,NA,NA
0.45,NA,NA,NA,NA,NA,NA,NA,NA,NA,NA,NA,NA,NA,1.60566666666667,NA,NA,NA,NA,NA,NA
0.5,NA,NA,NA,NA,NA,NA,NA,NA,1.32066666666667,NA,NA,0.279333333333333,NA,NA,NA,NA,NA,NA,NA,NA
0.55,NA,NA,NA,0.447666666666667,NA,NA,NA,NA,NA,NA,NA,NA,NA,NA,NA,NA,NA,NA,NA,NA
0.6,NA,NA,NA,0.447666666666667,NA,NA,1.23933333333333,NA,NA,NA,NA,NA,NA,NA,0.465666666666667,NA,NA,NA,NA,NA
0.65,NA,NA,NA,NA,NA,NA,NA,NA,NA,NA,NA,NA,NA,NA,NA,NA,NA,NA,NA,NA
0.7,NA,NA,0.372333333333333,NA,NA,NA,NA,NA,NA,NA,NA,NA,NA,NA,NA,NA,NA,NA,NA,NA
0.75,NA,NA,0.372333333333333,NA,NA,2.612,NA,NA,NA,NA,NA,NA,NA,NA,NA,NA,NA,NA,NA,NA
0.8,NA,NA,NA,NA,NA,NA,NA,NA,NA,NA,NA,NA,NA,NA,NA,NA,NA,NA,NA,NA
0.85,NA,NA,NA,NA,NA,NA,NA,NA,NA,NA,NA,NA,0.965666666666667,NA,NA,NA,NA,NA,NA,NA
0.9,NA,NA,NA,NA,NA,NA,NA,NA,NA,NA,NA,NA,NA,NA,NA,NA,NA,NA,NA,NA
0.95,NA,NA,NA,NA,NA,NA,NA,NA,NA,NA,NA,NA,NA,NA,NA,NA,NA,NA,NA,NA
1,NA,NA,NA,NA,1.77433333333333,NA,NA,NA,NA,NA,NA,NA,NA,NA,NA,NA,NA,NA,NA,NA
1.05,NA,NA,NA,NA,NA,NA,NA,NA,NA,NA,NA,NA,NA,NA,NA,NA,NA,NA,NA,NA
1.1,NA,NA,NA,NA,NA,NA,NA,NA,NA,NA,NA,NA,NA,NA,NA,NA,NA,0.320333333333333,NA,NA
1.15,NA,NA,NA,NA,NA,NA,NA,NA,NA,0.838,NA,NA,NA,NA,NA,NA,NA,NA,NA,NA
1.2,NA,NA,NA,NA,NA,NA,NA,NA,NA,NA,NA,NA,NA,NA,NA,NA,NA,NA,NA,0.0813333333333333
1.25,NA,NA,NA,NA,NA,NA,NA,NA,NA,NA,NA,NA,NA,NA,NA,NA,NA,NA,NA,NA
1.3,NA,NA,NA,NA,NA,NA,NA,NA,NA,NA,NA,0.296333333333333,NA,NA,NA,NA,0.378333333333333,NA,NA,NA
1.35,NA,NA,NA,NA,NA,NA,NA,NA,NA,NA,NA,0.296333333333333,NA,NA,NA,NA,NA,NA,NA,NA
1.4,NA,NA,NA,NA,NA,NA,NA,NA,NA,NA,NA,NA,NA,NA,NA,NA,NA,NA,NA,NA
1.45,NA,NA,NA,NA,NA,NA,NA,NA,NA,NA,NA,NA,NA,NA,NA,NA,NA,NA,NA,NA
1.5,NA,NA,NA,NA,NA,NA,NA,NA,NA,NA,NA,NA,NA,NA,NA,NA,NA,NA,NA,NA
1.55,NA,NA,NA,NA,NA,NA,NA,1.07633333333333,NA,NA,NA,NA,NA,NA,NA,0.198,NA,NA,0.512,NA
1.6,NA,NA,NA,NA,NA,NA,NA,NA,NA,NA,NA,NA,NA,NA,NA,NA,NA,NA,0.512,NA
1.65,NA,NA,NA,NA,NA,NA,NA,NA,1.53,NA,NA,NA,NA,NA,NA,NA,NA,NA,NA,NA
1.7,NA,NA,NA,NA,NA,NA,NA,NA,NA,NA,NA,NA,NA,NA,NA,NA,NA,NA,NA,NA
1.75,NA,NA,NA,NA,NA,NA,NA,NA,NA,NA,NA,NA,NA,NA,NA,NA,NA,NA,NA,NA
1.8,NA,NA,NA,NA,NA,NA,NA,NA,NA,NA,NA,NA,NA,1.55933333333333,NA,NA,NA,NA,NA,NA
1.85,NA,NA,NA,NA,NA,NA,NA,NA,NA,NA,NA,NA,NA,NA,NA,NA,NA,NA,NA,NA
1.9,NA,NA,NA,NA,NA,NA,NA,NA,NA,NA,NA,NA,NA,NA,NA,NA,NA,NA,NA,NA
1.95,NA,NA,NA,NA,NA,NA,2.46666666666667,NA,NA,NA,NA,NA,NA,NA,0.750666666666667,NA,NA,NA,NA,NA
2,NA,NA,NA,NA,NA,NA,NA,NA,NA,NA,NA,NA,NA,NA,NA,NA,NA,NA,NA,NA
2.05,NA,NA,NA,NA,NA,NA,NA,NA,NA,NA,NA,NA,NA,NA,NA,NA,NA,NA,NA,NA
2.1,NA,NA,NA,NA,NA,NA,NA,NA,NA,NA,NA,NA,NA,NA,NA,NA,NA,NA,NA,NA
2.15,NA,NA,NA,NA,NA,NA,NA,NA,NA,0.849333333333333,NA,0.360666666666667,NA,NA,NA,NA,NA,NA,NA,NA
2.2,NA,NA,NA,NA,NA,NA,NA,NA,NA,NA,NA,NA,2.02466666666667,NA,NA,NA,NA,NA,NA,NA
2.25,NA,NA,NA,NA,NA,NA,NA,NA,NA,NA,NA,NA,NA,NA,NA,NA,NA,NA,NA,NA
2.3,NA,NA,NA,NA,NA,NA,NA,NA,NA,NA,NA,NA,NA,NA,NA,NA,NA,NA,NA,NA
2.35,NA,NA,NA,NA,NA,NA,NA,NA,NA,NA,NA,NA,NA,NA,NA,NA,NA,NA,NA,NA
2.4,NA,NA,NA,NA,NA,NA,NA,NA,NA,NA,NA,NA,NA,NA,NA,NA,NA,NA,NA,NA
2.45,NA,NA,NA,NA,NA,2.60033333333333,NA,NA,NA,NA,NA,NA,NA,NA,NA,NA,NA,NA,NA,NA
2.5,NA,NA,NA,NA,NA,NA,NA,NA,NA,NA,NA,NA,NA,NA,NA,NA,NA,NA,NA,NA
2.55,NA,NA,NA,NA,NA,NA,NA,NA,NA,NA,NA,NA,NA,NA,NA,NA,NA,NA,NA,0.093
2.6,NA,NA,NA,NA,2.775,NA,NA,NA,NA,NA,NA,NA,NA,NA,NA,NA,NA,0.285,NA,0.093
2.65,NA,NA,NA,NA,NA,NA,NA,NA,NA,NA,NA,NA,NA,NA,NA,NA,NA,NA,NA,NA
2.7,NA,NA,NA,NA,NA,NA,NA,NA,0.692333333333333,NA,NA,NA,NA,NA,NA,NA,NA,NA,NA,NA
2.75,NA,NA,NA,NA,NA,NA,NA,NA,NA,NA,NA,NA,NA,NA,NA,0.0813333333333334,NA,NA,NA,NA
2.8,NA,NA,NA,NA,NA,NA,NA,NA,NA,NA,NA,NA,NA,NA,NA,NA,0.506,NA,NA,NA
2.85,NA,NA,0.331333333333333,NA,NA,NA,NA,1.07633333333333,NA,NA,NA,NA,NA,NA,NA,NA,NA,NA,NA,NA
2.9,NA,NA,NA,NA,NA,NA,NA,NA,NA,NA,NA,NA,NA,NA,NA,NA,NA,NA,NA,NA
2.95,NA,NA,NA,NA,NA,NA,NA,NA,NA,NA,NA,NA,NA,NA,NA,NA,NA,NA,0.989,NA
3,NA,NA,NA,0.430666666666667,NA,NA,NA,NA,NA,NA,NA,0.471,NA,NA,NA,NA,NA,NA,NA,NA
3.05,NA,NA,NA,0.430666666666667,NA,NA,NA,NA,NA,NA,NA,NA,NA,NA,NA,NA,NA,NA,NA,NA
3.1,NA,NA,NA,NA,NA,NA,NA,NA,NA,NA,NA,NA,NA,NA,NA,NA,NA,NA,NA,NA
3.15,NA,NA,NA,NA,NA,NA,NA,NA,NA,0.878666666666667,NA,NA,NA,NA,NA,NA,NA,NA,NA,NA
3.2,NA,NA,NA,NA,NA,NA,NA,NA,NA,NA,NA,NA,NA,1.48933333333333,NA,NA,NA,NA,NA,NA
3.25,0.244333333333333,NA,NA,NA,NA,NA,NA,NA,NA,NA,NA,NA,NA,NA,0.744666666666667,NA,NA,NA,NA,NA
3.3,0.244333333333333,NA,NA,NA,NA,NA,3.543,NA,NA,NA,NA,NA,NA,NA,0.744666666666667,NA,NA,NA,NA,NA
3.35,NA,NA,NA,NA,NA,NA,NA,NA,NA,NA,NA,NA,NA,NA,NA,NA,NA,NA,NA,NA
3.4,0.238666666666667,NA,NA,NA,NA,NA,NA,NA,NA,NA,0.0463333333333333,NA,NA,NA,NA,NA,NA,NA,NA,NA
3.45,NA,0.785333333333333,NA,NA,NA,NA,NA,NA,NA,NA,NA,NA,NA,NA,NA,NA,NA,NA,NA,NA
3.5,NA,0.785333333333333,NA,NA,NA,NA,NA,NA,0.907666666666667,NA,NA,NA,NA,NA,NA,NA,NA,NA,NA,NA
3.55,NA,NA,NA,NA,NA,NA,NA,NA,NA,NA,NA,NA,NA,NA,NA,NA,NA,NA,NA,NA
3.6,NA,NA,NA,NA,NA,NA,NA,NA,NA,NA,NA,NA,2.839,NA,NA,NA,NA,NA,NA,NA
3.65,NA,NA,NA,NA,NA,NA,NA,NA,NA,NA,NA,NA,NA,NA,NA,NA,NA,NA,NA,NA
3.7,NA,NA,NA,NA,NA,NA,NA,NA,NA,NA,NA,NA,NA,NA,NA,NA,NA,NA,NA,NA
3.75,NA,NA,NA,NA,NA,NA,NA,NA,NA,NA,NA,NA,NA,NA,NA,NA,NA,NA,NA,NA
3.8,NA,NA,NA,NA,NA,NA,NA,NA,NA,NA,NA,NA,NA,NA,NA,NA,NA,NA,NA,NA
3.85,0.145666666666667,NA,NA,NA,NA,NA,NA,NA,NA,NA,NA,0.611,NA,NA,NA,NA,NA,NA,NA,NA
3.9,NA,NA,NA,NA,NA,NA,NA,NA,NA,NA,NA,NA,NA,NA,NA,NA,NA,NA,NA,NA
3.95,0.145333333333333,NA,NA,NA,NA,NA,NA,NA,NA,NA,NA,NA,NA,NA,NA,0.0753333333333333,NA,NA,NA,0.087
4,NA,NA,NA,NA,NA,NA,NA,NA,NA,NA,NA,NA,NA,NA,NA,NA,NA,NA,NA,NA
4.05,0.145666666666667,NA,NA,NA,NA,NA,NA,NA,NA,NA,NA,NA,NA,NA,NA,NA,NA,NA,NA,NA
4.1,NA,NA,NA,NA,NA,NA,NA,0.995,NA,NA,NA,NA,NA,NA,NA,NA,NA,0.273333333333333,NA,NA
4.15,0.145333333333333,NA,NA,NA,NA,2.57733333333333,NA,NA,NA,0.89,NA,NA,NA,NA,NA,NA,NA,NA,NA,NA
4.2,0.145333333333333,NA,NA,NA,2.955,NA,NA,NA,NA,NA,0.0583333333333333,NA,NA,NA,NA,NA,NA,NA,NA,NA
4.25,0.145333333333333,NA,NA,NA,NA,NA,NA,NA,NA,NA,NA,NA,NA,NA,NA,NA,NA,NA,NA,NA
4.3,NA,NA,NA,NA,NA,NA,NA,NA,NA,NA,NA,NA,NA,NA,NA,NA,0.64,NA,NA,NA
4.35,NA,NA,NA,NA,NA,NA,NA,NA,NA,NA,NA,NA,NA,NA,NA,NA,NA,NA,1.46033333333333,NA
4.4,NA,NA,NA,NA,NA,NA,NA,NA,NA,NA,NA,NA,NA,NA,NA,NA,NA,NA,NA,NA
4.45,NA,NA,NA,NA,NA,NA,NA,NA,NA,NA,NA,NA,NA,NA,NA,NA,NA,NA,NA,NA
4.5,NA,NA,NA,NA,NA,NA,NA,NA,NA,NA,NA,NA,NA,NA,NA,NA,NA,NA,NA,NA
4.55,NA,NA,NA,NA,NA,NA,NA,NA,NA,NA,NA,NA,NA,NA,NA,NA,NA,NA,NA,NA
4.6,NA,NA,NA,NA,NA,NA,NA,NA,1.437,NA,NA,NA,NA,1.425,0.628333333333333,NA,NA,NA,NA,NA
4.65,NA,NA,NA,NA,NA,NA,4.25266666666667,NA,NA,NA,NA,NA,NA,NA,NA,NA,NA,NA,NA,NA
4.7,NA,NA,NA,NA,NA,NA,NA,NA,NA,NA,NA,0.733333333333333,NA,NA,NA,NA,NA,NA,NA,NA
4.75,NA,NA,NA,NA,NA,NA,NA,NA,NA,NA,NA,NA,NA,NA,NA,NA,NA,NA,NA,NA
4.8,NA,NA,NA,NA,NA,NA,NA,NA,NA,NA,NA,NA,NA,NA,NA,NA,NA,NA,NA,NA
4.85,NA,NA,NA,NA,NA,NA,NA,NA,NA,NA,NA,NA,NA,NA,NA,NA,NA,NA,NA,NA
4.9,NA,NA,NA,NA,NA,NA,NA,NA,NA,NA,NA,NA,NA,NA,NA,NA,NA,NA,NA,NA
4.95,NA,NA,NA,NA,NA,NA,NA,NA,NA,NA,NA,NA,NA,NA,NA,NA,NA,NA,NA,NA
5,NA,NA,NA,NA,NA,NA,NA,NA,NA,NA,NA,NA,3.44966666666667,NA,NA,NA,NA,NA,NA,NA
5.05,NA,NA,NA,NA,NA,NA,NA,NA,NA,NA,NA,NA,NA,NA,NA,NA,NA,NA,NA,NA
5.1,NA,NA,NA,NA,NA,NA,NA,NA,NA,NA,0.087,NA,NA,NA,NA,NA,NA,NA,NA,NA
5.15,NA,NA,NA,NA,NA,NA,NA,NA,NA,0.896,NA,NA,NA,NA,NA,0.157333333333333,NA,NA,NA,NA
5.2,NA,NA,NA,NA,NA,NA,NA,NA,NA,NA,NA,NA,NA,NA,NA,NA,NA,NA,NA,NA
5.25,NA,NA,NA,NA,NA,NA,NA,NA,NA,NA,NA,NA,NA,NA,NA,NA,NA,NA,NA,NA
5.3,NA,NA,0.349333333333333,NA,NA,NA,NA,NA,NA,NA,NA,NA,NA,NA,NA,NA,NA,NA,NA,0.0873333333333333
5.35,NA,NA,NA,NA,NA,NA,NA,NA,NA,NA,NA,NA,NA,NA,NA,NA,NA,NA,NA,NA
5.4,NA,NA,NA,NA,NA,NA,NA,0.861,NA,NA,NA,NA,NA,NA,NA,NA,NA,NA,NA,NA
5.45,NA,NA,NA,0.401333333333333,NA,NA,NA,NA,NA,NA,NA,NA,NA,NA,NA,NA,NA,NA,NA,NA
5.5,NA,NA,NA,0.401333333333333,NA,NA,NA,NA,NA,NA,NA,NA,NA,NA,NA,NA,NA,NA,NA,NA
5.55,NA,NA,NA,NA,NA,NA,NA,NA,NA,NA,NA,0.838,NA,NA,NA,NA,NA,NA,NA,NA
5.6,NA,NA,NA,NA,NA,NA,NA,NA,NA,NA,NA,NA,NA,NA,NA,NA,NA,NA,NA,NA
5.65,NA,NA,NA,NA,NA,NA,NA,NA,NA,NA,NA,NA,NA,NA,NA,NA,NA,0.256,NA,NA
5.7,NA,NA,NA,NA,NA,NA,NA,NA,1.152,NA,NA,NA,NA,NA,NA,NA,NA,NA,NA,NA
5.75,NA,NA,NA,NA,NA,NA,NA,NA,NA,NA,NA,NA,NA,NA,NA,NA,NA,NA,1.693,NA
5.8,NA,NA,NA,NA,2.15833333333333,NA,NA,NA,NA,NA,NA,NA,NA,NA,NA,NA,0.692333333333333,NA,NA,NA
5.85,NA,NA,NA,NA,NA,NA,NA,NA,NA,NA,NA,NA,NA,NA,0.273666666666667,NA,NA,NA,NA,NA
5.9,NA,NA,NA,NA,NA,2.57133333333333,NA,NA,NA,NA,NA,NA,NA,NA,NA,NA,NA,NA,NA,NA
5.95,NA,NA,NA,NA,NA,NA,4.34566666666667,NA,NA,NA,0.157,NA,NA,NA,NA,NA,NA,NA,NA,NA
6,NA,NA,NA,NA,NA,NA,NA,NA,NA,NA,0.157,NA,NA,1.373,NA,NA,NA,NA,NA,NA
6.05,NA,NA,NA,NA,NA,NA,NA,NA,NA,NA,NA,NA,NA,NA,NA,NA,NA,NA,NA,NA
6.1,NA,NA,NA,NA,NA,NA,NA,NA,NA,NA,NA,NA,NA,NA,NA,NA,NA,NA,NA,NA
6.15,NA,NA,NA,NA,NA,NA,NA,NA,NA,0.907666666666667,NA,NA,NA,NA,NA,NA,NA,NA,NA,NA
6.2,NA,NA,NA,NA,NA,NA,NA,NA,NA,NA,NA,NA,NA,NA,NA,NA,NA,NA,NA,NA
6.25,NA,NA,NA,NA,NA,NA,NA,NA,NA,NA,NA,NA,NA,NA,NA,NA,NA,NA,NA,NA
6.3,NA,NA,NA,NA,NA,NA,NA,NA,NA,NA,NA,NA,NA,NA,NA,NA,NA,NA,NA,NA
6.35,NA,NA,NA,NA,NA,NA,NA,NA,NA,NA,NA,NA,NA,NA,NA,NA,NA,NA,NA,NA
6.4,NA,NA,NA,NA,NA,NA,NA,NA,NA,NA,NA,0.837666666666667,3.764,NA,NA,0.296333333333333,NA,NA,NA,NA
6.45,NA,NA,NA,NA,NA,NA,NA,NA,NA,NA,NA,NA,NA,NA,NA,NA,NA,NA,NA,NA
6.5,NA,NA,NA,NA,NA,NA,NA,NA,NA,NA,NA,NA,NA,NA,NA,NA,NA,NA,NA,NA
6.55,NA,NA,NA,NA,NA,NA,NA,NA,NA,NA,NA,NA,NA,NA,NA,NA,NA,NA,NA,NA
6.6,NA,NA,NA,NA,NA,NA,NA,NA,0.663333333333333,NA,NA,NA,NA,NA,NA,NA,NA,NA,NA,NA
6.65,NA,NA,NA,NA,NA,NA,NA,0.674666666666667,NA,NA,NA,NA,NA,NA,NA,NA,NA,NA,NA,NA
6.7,NA,NA,NA,NA,NA,NA,NA,NA,NA,NA,NA,NA,NA,NA,NA,NA,NA,NA,NA,0.0753333333333333
6.75,NA,NA,NA,NA,NA,NA,NA,NA,NA,NA,NA,NA,NA,NA,NA,NA,NA,NA,NA,NA
6.8,NA,NA,NA,NA,NA,NA,NA,NA,NA,NA,0.035,NA,NA,NA,NA,NA,NA,NA,NA,NA
6.85,NA,NA,NA,NA,NA,NA,NA,NA,NA,NA,NA,NA,NA,NA,NA,NA,NA,NA,NA,NA
6.9,NA,NA,NA,NA,NA,NA,NA,NA,NA,NA,NA,NA,NA,NA,NA,NA,NA,NA,NA,NA
6.95,NA,NA,NA,NA,NA,NA,NA,NA,NA,NA,NA,NA,NA,NA,0.279333333333333,NA,NA,NA,NA,NA
7,NA,NA,NA,NA,NA,NA,NA,NA,NA,NA,NA,NA,NA,NA,NA,NA,NA,NA,NA,NA
7.05,NA,NA,NA,NA,NA,NA,NA,NA,NA,NA,NA,NA,NA,NA,NA,NA,NA,NA,NA,NA
7.1,NA,NA,NA,NA,NA,NA,NA,NA,NA,NA,NA,NA,NA,NA,NA,NA,NA,NA,NA,NA
7.15,NA,NA,NA,NA,NA,NA,NA,NA,NA,0.913333333333333,NA,NA,NA,NA,NA,NA,NA,0.221,1.73366666666667,NA
7.2,NA,NA,NA,NA,NA,NA,NA,NA,NA,NA,NA,NA,NA,NA,NA,NA,NA,0.221,NA,NA
7.25,NA,NA,NA,NA,NA,NA,NA,NA,NA,NA,NA,0.785666666666667,NA,NA,NA,NA,NA,NA,NA,NA
7.3,NA,NA,NA,NA,NA,NA,4.084,NA,NA,NA,NA,NA,NA,NA,NA,NA,0.704333333333333,NA,NA,NA
7.35,NA,NA,NA,NA,NA,NA,NA,NA,NA,NA,NA,NA,NA,NA,NA,NA,NA,NA,NA,NA
7.4,NA,NA,NA,NA,NA,NA,NA,NA,NA,NA,NA,NA,NA,1.31466666666667,NA,NA,NA,NA,NA,NA
7.45,NA,NA,NA,NA,NA,NA,NA,NA,NA,NA,NA,NA,NA,NA,NA,NA,NA,NA,NA,NA
7.5,NA,NA,NA,NA,NA,NA,NA,NA,NA,NA,NA,NA,NA,NA,NA,NA,NA,NA,NA,NA
7.55,NA,NA,NA,NA,NA,NA,NA,NA,1.15766666666667,NA,NA,NA,NA,NA,NA,NA,NA,NA,NA,NA
7.6,NA,NA,NA,NA,NA,2.57133333333333,NA,NA,NA,NA,NA,NA,NA,NA,NA,NA,NA,NA,NA,NA
7.65,NA,NA,NA,NA,NA,NA,NA,NA,NA,NA,0.0873333333333333,NA,NA,NA,NA,NA,NA,NA,NA,NA
7.7,NA,NA,NA,NA,1.54766666666667,NA,NA,NA,NA,NA,NA,NA,NA,NA,NA,0.424666666666667,NA,NA,NA,NA
7.75,NA,NA,0.297,NA,NA,NA,NA,NA,NA,NA,NA,NA,NA,NA,NA,0.424666666666667,NA,NA,NA,NA
7.8,NA,NA,NA,NA,NA,NA,NA,NA,NA,NA,NA,NA,3.89833333333333,NA,NA,NA,NA,NA,NA,NA
7.85,NA,NA,NA,NA,NA,NA,NA,NA,NA,NA,NA,NA,NA,NA,NA,NA,NA,NA,NA,NA
7.9,NA,NA,NA,0.430666666666667,NA,NA,NA,0.488666666666667,NA,NA,NA,NA,NA,NA,NA,NA,NA,NA,NA,NA
7.95,NA,NA,NA,NA,NA,NA,NA,NA,NA,NA,NA,NA,NA,NA,NA,NA,NA,NA,NA,NA
8,NA,NA,NA,NA,NA,NA,NA,NA,NA,NA,NA,NA,NA,NA,NA,NA,NA,NA,NA,NA
8.05,NA,NA,NA,NA,NA,NA,NA,NA,NA,NA,NA,NA,NA,NA,NA,NA,NA,NA,NA,0.058
8.1,NA,NA,NA,NA,NA,NA,NA,NA,NA,NA,NA,0.739,NA,NA,NA,NA,NA,NA,NA,NA
8.15,NA,NA,NA,NA,NA,NA,NA,NA,NA,0.907666666666667,NA,NA,NA,NA,NA,NA,NA,NA,NA,NA
8.2,NA,NA,NA,NA,NA,NA,NA,NA,NA,NA,NA,NA,NA,NA,0.610666666666667,NA,NA,NA,NA,NA
8.25,NA,NA,NA,NA,NA,NA,NA,NA,NA,NA,NA,NA,NA,NA,NA,NA,NA,NA,NA,NA
8.3,NA,NA,NA,NA,NA,NA,NA,NA,NA,NA,NA,NA,NA,NA,NA,NA,NA,NA,NA,NA
8.35,NA,NA,NA,NA,NA,NA,NA,NA,NA,NA,NA,NA,NA,NA,NA,NA,NA,NA,NA,NA
8.4,0.221333333333333,0.709666666666667,NA,NA,NA,NA,NA,NA,NA,NA,NA,NA,NA,NA,NA,NA,NA,NA,NA,NA
8.45,NA,NA,NA,NA,NA,NA,NA,NA,NA,NA,NA,NA,NA,NA,NA,NA,NA,NA,NA,NA
8.5,NA,NA,NA,NA,NA,NA,NA,NA,NA,NA,0.0756666666666667,NA,NA,NA,NA,NA,NA,NA,1.705,NA
8.55,NA,NA,NA,NA,NA,NA,NA,NA,NA,NA,NA,NA,NA,NA,NA,NA,NA,NA,NA,NA
8.6,NA,NA,NA,NA,NA,NA,NA,NA,NA,NA,NA,NA,NA,NA,NA,NA,NA,NA,NA,NA
8.65,NA,NA,NA,NA,NA,NA,3.415,NA,1.36133333333333,NA,NA,NA,NA,NA,NA,NA,NA,0.180333333333333,NA,NA
8.7,NA,NA,NA,NA,NA,NA,NA,NA,NA,NA,NA,NA,NA,NA,NA,NA,NA,NA,NA,NA
8.75,NA,NA,NA,NA,NA,NA,NA,NA,NA,NA,NA,NA,NA,NA,NA,NA,NA,NA,NA,NA
8.8,NA,NA,NA,NA,NA,NA,NA,NA,NA,NA,NA,NA,NA,1.22766666666667,NA,NA,0.674666666666667,NA,NA,NA
8.85,NA,NA,NA,NA,NA,NA,NA,NA,NA,NA,NA,NA,NA,NA,NA,NA,NA,NA,NA,NA
8.9,NA,NA,NA,NA,NA,NA,NA,NA,NA,NA,NA,NA,NA,NA,NA,NA,NA,NA,NA,NA
8.95,NA,NA,NA,NA,NA,NA,NA,NA,NA,NA,NA,0.727333333333333,NA,NA,NA,NA,NA,NA,NA,NA
9,NA,NA,NA,NA,NA,NA,NA,NA,NA,NA,NA,NA,NA,NA,NA,NA,NA,NA,NA,NA
9.05,NA,NA,NA,NA,NA,NA,NA,NA,NA,NA,NA,NA,NA,NA,NA,0.477,NA,NA,NA,NA
9.1,NA,NA,NA,NA,NA,NA,NA,NA,NA,NA,NA,NA,NA,NA,NA,NA,NA,NA,NA,NA
9.15,NA,NA,NA,NA,NA,NA,NA,0.337333333333333,NA,0.907333333333333,NA,NA,NA,NA,NA,NA,NA,NA,NA,NA
9.2,NA,NA,NA,NA,NA,NA,NA,NA,NA,NA,NA,NA,3.88633333333333,NA,NA,NA,NA,NA,NA,NA
9.25,NA,NA,NA,NA,NA,NA,NA,NA,NA,NA,NA,NA,NA,NA,NA,NA,NA,NA,NA,NA
9.3,NA,NA,NA,NA,NA,NA,NA,NA,NA,NA,NA,NA,NA,NA,NA,NA,NA,NA,NA,NA
9.35,NA,NA,NA,NA,NA,2.59466666666667,NA,NA,NA,NA,0.0406666666666666,NA,NA,NA,NA,NA,NA,NA,NA,NA
9.4,NA,NA,NA,NA,NA,NA,NA,NA,NA,NA,NA,NA,NA,NA,NA,NA,NA,NA,NA,0.0173333333333333
9.45,NA,NA,NA,NA,NA,NA,NA,NA,NA,NA,NA,NA,NA,NA,NA,NA,NA,NA,NA,NA
9.5,NA,NA,NA,NA,2.298,NA,NA,NA,NA,NA,NA,NA,NA,NA,0.931,NA,NA,NA,NA,NA
9.55,NA,NA,NA,NA,NA,NA,NA,NA,NA,NA,NA,NA,NA,NA,NA,NA,NA,NA,NA,NA
9.6,NA,NA,NA,NA,NA,NA,NA,NA,NA,NA,NA,NA,NA,NA,NA,NA,NA,NA,NA,NA
9.65,NA,NA,NA,NA,NA,NA,NA,NA,0.849333333333333,NA,NA,NA,NA,NA,NA,NA,NA,NA,NA,NA
9.7,NA,NA,NA,NA,NA,NA,NA,NA,0.849333333333333,NA,NA,NA,NA,NA,NA,NA,NA,NA,NA,NA
9.75,NA,NA,NA,NA,NA,NA,NA,NA,NA,NA,NA,NA,NA,NA,NA,NA,NA,NA,NA,NA
9.8,NA,NA,NA,NA,NA,NA,NA,NA,NA,NA,NA,0.680333333333333,NA,NA,NA,NA,NA,NA,NA,NA
9.85,NA,NA,NA,NA,NA,NA,NA,NA,NA,NA,NA,NA,NA,NA,NA,NA,NA,NA,NA,NA
9.9,NA,NA,NA,NA,NA,NA,NA,NA,NA,NA,NA,NA,NA,NA,NA,NA,NA,NA,1.58266666666667,NA
9.95,NA,NA,NA,NA,NA,NA,NA,NA,NA,NA,NA,NA,NA,NA,NA,NA,NA,NA,NA,NA
10,NA,NA,NA,NA,NA,NA,NA,NA,NA,NA,NA,NA,NA,NA,NA,NA,NA,NA,NA,NA
10.05,NA,NA,NA,NA,NA,NA,2.44933333333333,NA,NA,NA,NA,NA,NA,NA,NA,NA,NA,NA,NA,NA
10.1,NA,NA,NA,NA,NA,NA,NA,NA,NA,NA,NA,NA,NA,NA,NA,NA,NA,NA,NA,NA
10.15,NA,NA,NA,NA,NA,NA,NA,NA,NA,0.901666666666667,NA,NA,NA,NA,NA,NA,NA,NA,NA,NA
10.2,NA,NA,NA,NA,NA,NA,NA,NA,NA,NA,0.058,NA,NA,1.16966666666667,NA,NA,NA,NA,NA,NA
10.25,NA,NA,NA,NA,NA,NA,NA,NA,NA,NA,NA,NA,NA,NA,NA,NA,NA,NA,NA,NA
10.3,NA,NA,NA,NA,NA,NA,NA,NA,NA,NA,NA,NA,NA,NA,NA,NA,0.57,NA,NA,NA
10.35,NA,NA,NA,0.477,NA,NA,NA,0.290666666666667,NA,NA,NA,NA,NA,NA,NA,0.500666666666667,NA,0.139333333333333,NA,NA
10.4,NA,NA,NA,0.477,NA,NA,NA,NA,NA,NA,NA,NA,NA,NA,NA,NA,NA,NA,NA,NA
10.45,NA,NA,NA,NA,NA,NA,NA,NA,NA,NA,NA,NA,NA,NA,NA,NA,NA,NA,NA,NA
10.5,NA,NA,0.430666666666667,NA,NA,NA,NA,NA,NA,NA,NA,NA,NA,NA,NA,NA,NA,NA,NA,NA
10.55,NA,NA,NA,NA,NA,NA,NA,NA,NA,NA,NA,NA,NA,NA,NA,NA,NA,NA,NA,NA
10.6,NA,NA,NA,NA,NA,NA,NA,NA,0.919,NA,NA,NA,3.71166666666667,NA,NA,NA,NA,NA,NA,NA
10.65,NA,NA,NA,NA,NA,NA,NA,NA,NA,NA,NA,0.605,NA,NA,NA,NA,NA,NA,NA,NA
10.7,NA,NA,NA,NA,NA,NA,NA,NA,NA,NA,NA,NA,NA,NA,NA,NA,NA,NA,NA,NA
10.75,NA,NA,NA,NA,NA,NA,NA,NA,NA,NA,NA,NA,NA,NA,NA,NA,NA,NA,NA,NA
10.8,NA,NA,NA,NA,NA,NA,NA,NA,NA,NA,NA,NA,NA,NA,NA,NA,NA,NA,NA,NA
10.85,NA,NA,NA,NA,NA,NA,NA,NA,NA,NA,NA,NA,NA,NA,1.19866666666667,NA,NA,NA,NA,NA
10.9,NA,NA,NA,NA,NA,NA,NA,NA,NA,NA,NA,NA,NA,NA,NA,NA,NA,NA,NA,NA
10.95,NA,NA,NA,NA,NA,NA,NA,NA,NA,NA,NA,NA,NA,NA,NA,NA,NA,NA,NA,NA
11,NA,NA,NA,NA,NA,NA,NA,NA,NA,NA,NA,NA,NA,NA,NA,NA,NA,NA,NA,NA
11.05,NA,NA,NA,NA,NA,2.618,NA,NA,NA,NA,NA,NA,NA,NA,NA,NA,NA,NA,NA,NA
11.1,NA,NA,NA,NA,NA,NA,NA,NA,NA,NA,0.0523333333333333,NA,NA,NA,NA,NA,NA,NA,NA,NA
11.15,NA,NA,NA,NA,2.65866666666667,NA,NA,NA,NA,0.878666666666667,NA,NA,NA,NA,NA,NA,NA,NA,NA,NA
11.2,NA,NA,NA,NA,NA,NA,NA,NA,NA,NA,NA,NA,NA,NA,NA,NA,NA,NA,NA,NA
11.25,NA,NA,NA,NA,NA,NA,NA,NA,NA,NA,NA,NA,NA,NA,NA,NA,NA,NA,NA,NA
11.3,NA,NA,NA,NA,NA,NA,NA,NA,NA,NA,NA,NA,NA,NA,NA,NA,NA,NA,1.40766666666667,NA
11.35,NA,NA,NA,NA,NA,NA,NA,NA,NA,NA,NA,NA,NA,NA,NA,NA,NA,NA,NA,NA
11.4,NA,NA,NA,NA,NA,NA,NA,NA,NA,NA,NA,NA,NA,NA,NA,NA,NA,NA,NA,NA
11.45,NA,NA,NA,NA,NA,NA,NA,NA,NA,NA,NA,NA,NA,NA,NA,NA,NA,NA,NA,NA
11.5,NA,NA,NA,NA,NA,NA,1.62333333333333,NA,NA,NA,NA,NA,NA,NA,NA,NA,NA,NA,NA,NA
11.55,NA,NA,NA,NA,NA,NA,NA,NA,NA,NA,NA,0.483,NA,NA,NA,NA,NA,NA,NA,NA
11.6,NA,NA,NA,NA,NA,NA,NA,0.361,NA,NA,NA,NA,NA,1.06466666666667,NA,NA,NA,NA,NA,NA
11.65,NA,NA,NA,NA,NA,NA,NA,NA,1.26266666666667,NA,NA,NA,NA,NA,NA,0.424666666666667,NA,NA,NA,NA
11.7,NA,NA,NA,NA,NA,NA,NA,NA,NA,NA,NA,NA,NA,NA,NA,NA,NA,NA,NA,NA
11.75,NA,NA,NA,NA,NA,NA,NA,NA,NA,NA,NA,NA,NA,NA,NA,NA,NA,NA,NA,NA
11.8,NA,NA,NA,NA,NA,NA,NA,NA,NA,NA,NA,NA,NA,NA,NA,NA,0.419,NA,NA,NA
11.85,NA,NA,NA,NA,NA,NA,NA,NA,NA,NA,NA,NA,NA,NA,NA,NA,NA,NA,NA,NA
11.9,NA,NA,NA,NA,NA,NA,NA,NA,NA,NA,NA,NA,NA,NA,NA,NA,NA,NA,NA,NA
11.95,NA,NA,NA,NA,NA,NA,NA,NA,NA,NA,NA,NA,NA,NA,NA,NA,NA,NA,NA,NA
12,NA,NA,NA,NA,NA,NA,NA,NA,NA,NA,0.0116666666666667,NA,3.322,NA,NA,NA,NA,NA,NA,NA
12.05,NA,NA,NA,NA,NA,NA,NA,NA,NA,NA,NA,NA,NA,NA,NA,NA,NA,NA,NA,NA
12.1,NA,NA,NA,NA,NA,NA,NA,NA,NA,NA,NA,NA,NA,NA,NA,NA,NA,NA,NA,NA
12.15,NA,NA,NA,NA,NA,NA,NA,NA,NA,0.855333333333333,NA,NA,NA,NA,NA,NA,NA,0.105,NA,NA
12.2,NA,NA,NA,NA,NA,NA,NA,NA,NA,NA,NA,NA,NA,NA,1.42566666666667,NA,NA,0.105,NA,NA
12.25,NA,NA,NA,NA,NA,NA,NA,NA,NA,NA,NA,NA,NA,NA,NA,NA,NA,NA,NA,NA
12.3,NA,NA,NA,NA,NA,NA,NA,NA,NA,NA,NA,NA,NA,NA,NA,NA,NA,NA,NA,NA
12.35,NA,NA,NA,NA,NA,NA,NA,NA,NA,NA,NA,NA,NA,NA,NA,NA,NA,NA,NA,NA
12.4,NA,NA,NA,NA,NA,NA,NA,NA,NA,NA,NA,NA,NA,NA,NA,NA,NA,NA,NA,NA
12.45,NA,NA,NA,NA,NA,NA,NA,NA,NA,NA,NA,NA,NA,NA,NA,NA,NA,0.093,NA,NA
12.5,NA,NA,NA,NA,NA,NA,NA,NA,NA,NA,NA,0.401333333333333,NA,NA,NA,NA,NA,NA,NA,NA
12.55,NA,NA,NA,NA,NA,NA,NA,NA,NA,NA,NA,NA,NA,NA,NA,NA,NA,NA,NA,NA
12.6,NA,NA,NA,NA,NA,NA,NA,NA,NA,NA,NA,NA,NA,NA,NA,NA,NA,NA,NA,NA
12.65,NA,NA,NA,NA,NA,NA,NA,NA,NA,NA,NA,NA,NA,NA,NA,NA,NA,NA,1.23933333333333,NA
12.7,NA,NA,NA,NA,NA,NA,NA,NA,1.07633333333333,NA,NA,NA,NA,NA,NA,NA,NA,NA,NA,NA
12.75,NA,NA,NA,NA,NA,NA,NA,NA,NA,NA,NA,NA,NA,NA,NA,NA,NA,NA,NA,NA
12.8,NA,NA,NA,NA,2.333,2.61766666666667,NA,0.483,NA,NA,NA,NA,NA,NA,NA,NA,NA,NA,NA,NA
12.85,NA,NA,NA,0.541,NA,NA,NA,NA,NA,NA,NA,NA,NA,NA,NA,NA,NA,NA,NA,NA
12.9,NA,NA,NA,NA,NA,NA,NA,NA,NA,NA,NA,NA,NA,NA,NA,NA,NA,NA,NA,NA
12.95,NA,NA,NA,NA,NA,NA,NA,NA,NA,NA,NA,NA,NA,NA,NA,0.483,NA,NA,NA,NA
13,0.221333333333333,NA,0.459666666666667,NA,NA,NA,NA,NA,NA,NA,NA,NA,NA,1.00066666666667,NA,NA,NA,NA,NA,NA
13.05,NA,NA,0.459666666666667,NA,NA,NA,1.44866666666667,NA,NA,NA,NA,NA,NA,1.00066666666667,NA,NA,NA,NA,NA,NA
13.1,NA,NA,NA,NA,NA,NA,NA,NA,NA,NA,NA,NA,NA,NA,NA,NA,NA,NA,NA,NA
13.15,NA,NA,NA,NA,NA,NA,NA,NA,NA,NA,NA,NA,NA,NA,NA,NA,NA,NA,NA,NA
13.2,NA,0.669333333333333,NA,NA,NA,NA,NA,NA,NA,0.832,NA,NA,NA,NA,NA,NA,NA,NA,NA,NA
13.25,NA,NA,NA,NA,NA,NA,NA,NA,NA,NA,NA,NA,NA,NA,NA,NA,NA,NA,NA,NA
13.3,NA,NA,NA,NA,NA,NA,NA,NA,NA,NA,NA,NA,NA,NA,NA,NA,0.227,NA,NA,NA
13.35,NA,NA,NA,NA,NA,NA,NA,NA,NA,NA,NA,NA,NA,NA,NA,NA,NA,NA,NA,NA
13.4,NA,0.657666666666667,NA,NA,NA,NA,NA,NA,NA,NA,NA,0.471333333333333,3.05433333333333,NA,NA,NA,NA,NA,NA,NA
13.45,NA,NA,NA,NA,NA,NA,NA,NA,NA,NA,NA,NA,NA,NA,NA,NA,NA,NA,NA,NA
13.5,NA,NA,NA,NA,NA,NA,NA,NA,NA,NA,NA,NA,NA,NA,1.54166666666667,NA,NA,NA,NA,NA
13.55,NA,NA,NA,NA,NA,NA,NA,NA,NA,NA,NA,NA,NA,NA,NA,NA,NA,NA,NA,NA
13.6,NA,NA,NA,NA,NA,NA,NA,NA,NA,NA,NA,NA,NA,NA,NA,NA,NA,NA,NA,NA
13.65,NA,NA,NA,NA,NA,NA,NA,NA,0.814666666666667,NA,NA,NA,NA,NA,NA,NA,NA,NA,NA,NA
13.7,NA,NA,NA,NA,NA,NA,NA,NA,NA,NA,NA,NA,NA,NA,NA,NA,NA,NA,NA,NA
13.75,NA,NA,NA,NA,NA,NA,NA,NA,NA,NA,0.0756666666666667,NA,NA,NA,NA,NA,NA,NA,NA,NA
13.8,NA,NA,NA,NA,NA,NA,NA,NA,NA,NA,NA,NA,NA,NA,NA,NA,NA,NA,NA,NA
13.85,NA,NA,NA,NA,NA,NA,NA,NA,NA,NA,NA,NA,NA,NA,NA,NA,NA,NA,NA,NA
13.9,NA,NA,NA,NA,NA,NA,NA,NA,NA,NA,NA,NA,NA,NA,NA,NA,NA,NA,NA,NA
13.95,NA,NA,NA,NA,NA,NA,NA,NA,NA,NA,NA,NA,NA,NA,NA,NA,NA,0.157,NA,NA
14,NA,NA,NA,NA,NA,NA,NA,NA,NA,NA,NA,NA,NA,NA,NA,NA,NA,NA,NA,NA
14.05,NA,NA,NA,NA,NA,NA,NA,NA,NA,NA,NA,NA,NA,NA,NA,NA,NA,NA,1.03566666666667,NA
14.1,NA,NA,NA,NA,NA,NA,NA,0.645666666666667,NA,NA,NA,NA,NA,NA,NA,NA,NA,NA,NA,NA
14.15,NA,NA,NA,NA,NA,NA,NA,NA,NA,NA,NA,NA,NA,NA,NA,NA,NA,NA,NA,NA
14.2,NA,NA,NA,NA,NA,NA,NA,NA,NA,0.808666666666667,NA,NA,NA,NA,NA,NA,NA,NA,NA,NA
14.25,NA,NA,NA,NA,NA,NA,NA,NA,NA,NA,NA,NA,NA,NA,NA,NA,NA,NA,NA,NA
14.3,NA,NA,NA,NA,NA,NA,NA,NA,NA,NA,NA,0.535,NA,NA,NA,0.512,NA,NA,NA,NA
14.35,NA,NA,NA,NA,NA,NA,NA,NA,NA,NA,NA,NA,NA,NA,NA,NA,NA,NA,NA,NA
14.4,NA,NA,NA,NA,NA,NA,NA,NA,NA,NA,NA,NA,NA,NA,NA,NA,NA,NA,NA,NA
14.45,NA,NA,NA,NA,NA,NA,NA,NA,NA,NA,NA,NA,NA,0.977333333333333,NA,NA,NA,NA,NA,NA
14.5,NA,NA,NA,NA,NA,NA,2.05966666666667,NA,NA,NA,NA,NA,NA,0.977333333333333,NA,NA,NA,NA,NA,NA
14.55,NA,NA,NA,NA,1.78633333333333,2.618,NA,NA,NA,NA,NA,NA,NA,NA,NA,NA,NA,NA,NA,NA
14.6,NA,NA,NA,NA,NA,NA,NA,NA,NA,NA,NA,NA,NA,NA,NA,NA,NA,NA,NA,NA
14.65,NA,NA,NA,NA,NA,NA,NA,NA,1.053,NA,NA,NA,NA,NA,NA,NA,0.157333333333333,NA,NA,NA
14.7,NA,NA,NA,NA,NA,NA,NA,NA,NA,NA,0.0233333333333333,NA,NA,NA,NA,NA,NA,NA,NA,NA
14.75,NA,NA,NA,NA,NA,NA,NA,NA,NA,NA,NA,NA,NA,NA,NA,NA,NA,NA,NA,NA
14.8,NA,NA,NA,NA,NA,NA,NA,NA,NA,NA,NA,NA,2.775,NA,NA,NA,NA,NA,NA,NA
14.85,NA,NA,NA,NA,NA,NA,NA,NA,NA,NA,NA,NA,NA,NA,1.54166666666667,NA,NA,NA,NA,NA
14.9,NA,NA,NA,NA,NA,NA,NA,NA,NA,NA,NA,NA,NA,NA,NA,NA,NA,NA,NA,NA
14.95,NA,NA,NA,NA,NA,NA,NA,NA,NA,NA,NA,NA,NA,NA,NA,NA,NA,NA,NA,NA
15,NA,NA,NA,NA,NA,NA,NA,NA,NA,NA,NA,NA,NA,NA,NA,NA,NA,NA,NA,NA
15.05,NA,NA,NA,NA,NA,NA,NA,NA,NA,NA,NA,NA,NA,NA,NA,NA,NA,NA,NA,NA
15.1,NA,NA,NA,NA,NA,NA,NA,NA,NA,NA,NA,NA,NA,NA,NA,NA,NA,NA,NA,NA
15.15,NA,NA,NA,NA,NA,NA,NA,NA,NA,NA,NA,0.564,NA,NA,NA,NA,NA,NA,NA,NA
15.2,NA,NA,NA,NA,NA,NA,NA,NA,NA,0.762333333333333,NA,NA,NA,NA,NA,NA,NA,NA,NA,NA
15.25,NA,NA,NA,NA,NA,NA,NA,NA,NA,NA,NA,NA,NA,NA,NA,NA,NA,NA,NA,NA
15.3,NA,NA,NA,NA,NA,NA,NA,NA,NA,NA,NA,NA,NA,NA,NA,NA,NA,NA,NA,NA
15.35,NA,NA,NA,0.482666666666667,NA,NA,NA,NA,NA,NA,NA,NA,NA,NA,NA,NA,NA,NA,NA,NA
15.4,NA,NA,NA,0.482666666666667,NA,NA,NA,0.808666666666667,NA,NA,NA,NA,NA,NA,NA,NA,NA,NA,NA,NA
15.45,NA,NA,NA,NA,NA,NA,NA,NA,NA,NA,NA,NA,NA,NA,NA,NA,NA,NA,0.826,NA
15.5,NA,NA,NA,NA,NA,NA,NA,NA,NA,NA,NA,NA,NA,NA,NA,NA,NA,0.238333333333333,NA,NA
15.55,NA,NA,NA,NA,NA,NA,NA,NA,NA,NA,NA,NA,NA,NA,NA,NA,NA,NA,NA,NA
15.6,NA,NA,0.378333333333333,NA,NA,NA,NA,NA,NA,NA,NA,NA,NA,NA,NA,0.617,NA,NA,NA,NA
15.65,NA,NA,NA,NA,NA,NA,NA,NA,NA,NA,NA,NA,NA,NA,NA,NA,NA,NA,NA,NA
15.7,NA,NA,NA,NA,NA,NA,NA,NA,1.14633333333333,NA,NA,NA,NA,NA,NA,NA,NA,NA,NA,NA
15.75,NA,NA,NA,NA,NA,NA,NA,NA,NA,NA,NA,NA,NA,NA,NA,NA,NA,NA,NA,NA
15.8,NA,NA,NA,NA,NA,NA,NA,NA,NA,NA,NA,NA,NA,NA,NA,NA,NA,NA,NA,NA
15.85,NA,NA,NA,NA,NA,NA,2.717,NA,NA,NA,NA,NA,NA,NA,NA,NA,NA,NA,NA,NA
15.9,NA,NA,NA,NA,NA,NA,NA,NA,NA,NA,NA,NA,NA,0.971333333333333,NA,NA,NA,NA,NA,NA
15.95,NA,NA,NA,NA,NA,NA,NA,NA,NA,NA,NA,NA,NA,NA,NA,NA,NA,NA,NA,NA
16,NA,NA,NA,NA,NA,NA,NA,NA,NA,NA,NA,0.570333333333333,NA,NA,NA,NA,0.279333333333333,NA,NA,NA
16.05,NA,NA,NA,NA,NA,NA,NA,NA,NA,NA,NA,NA,NA,NA,NA,NA,NA,NA,NA,NA
16.1,NA,NA,NA,NA,NA,NA,NA,NA,NA,NA,NA,NA,NA,NA,NA,NA,NA,NA,NA,NA
16.15,NA,NA,NA,NA,NA,NA,NA,NA,NA,NA,NA,NA,NA,NA,1.652,NA,NA,NA,NA,NA
16.2,NA,NA,NA,NA,NA,NA,NA,NA,NA,0.709666666666667,NA,NA,2.525,NA,NA,NA,NA,NA,NA,NA
16.25,NA,NA,NA,NA,NA,NA,NA,NA,NA,NA,NA,NA,NA,NA,NA,NA,NA,NA,NA,NA
16.3,NA,NA,NA,NA,NA,2.612,NA,NA,NA,NA,NA,NA,NA,NA,NA,NA,NA,NA,NA,NA
16.35,NA,NA,NA,NA,NA,NA,NA,NA,NA,NA,NA,NA,NA,NA,NA,NA,NA,NA,NA,NA
16.4,NA,NA,NA,NA,NA,NA,NA,NA,NA,NA,0.029,NA,NA,NA,NA,NA,NA,NA,NA,NA
16.45,NA,NA,NA,NA,1.943,NA,NA,NA,NA,NA,NA,NA,NA,NA,NA,NA,NA,NA,NA,NA
16.5,NA,NA,NA,NA,NA,NA,NA,NA,NA,NA,NA,NA,NA,NA,NA,NA,NA,NA,NA,NA
16.55,NA,NA,NA,NA,NA,NA,NA,NA,NA,NA,NA,NA,NA,NA,NA,NA,NA,NA,NA,NA
16.6,NA,NA,NA,NA,NA,NA,NA,NA,NA,NA,NA,NA,NA,NA,NA,NA,NA,NA,NA,NA
16.65,NA,NA,NA,NA,NA,NA,NA,NA,NA,NA,NA,NA,NA,NA,NA,NA,NA,NA,NA,NA
16.7,NA,NA,NA,NA,NA,NA,NA,0.936666666666667,0.884666666666667,NA,NA,NA,NA,NA,NA,NA,NA,NA,NA,NA
16.75,NA,NA,NA,NA,NA,NA,NA,NA,NA,NA,NA,NA,NA,NA,NA,NA,NA,NA,NA,NA
16.8,NA,NA,NA,NA,NA,NA,NA,NA,NA,NA,NA,NA,NA,NA,NA,NA,NA,NA,0.622333333333333,NA
16.85,NA,NA,NA,NA,NA,NA,NA,NA,NA,NA,NA,NA,NA,NA,NA,NA,NA,NA,NA,NA
16.9,NA,NA,NA,NA,NA,NA,NA,NA,NA,NA,NA,0.576,NA,NA,NA,NA,NA,NA,NA,NA
16.95,NA,NA,NA,NA,NA,NA,NA,NA,NA,NA,NA,NA,NA,NA,NA,0.709666666666667,NA,NA,NA,NA
17,NA,NA,NA,NA,NA,NA,NA,NA,NA,NA,NA,NA,NA,NA,NA,NA,NA,NA,NA,NA
17.05,NA,NA,NA,NA,NA,NA,NA,NA,NA,NA,NA,NA,NA,NA,NA,NA,NA,NA,NA,NA
17.1,NA,NA,NA,NA,NA,NA,NA,NA,NA,NA,NA,NA,NA,NA,NA,NA,NA,0.273666666666667,NA,NA
17.15,NA,NA,NA,NA,NA,NA,3.20566666666667,NA,NA,NA,NA,NA,NA,NA,NA,NA,NA,NA,NA,NA
17.2,NA,NA,NA,NA,NA,NA,NA,NA,NA,NA,NA,NA,NA,NA,NA,NA,NA,NA,NA,NA
17.25,NA,NA,NA,NA,NA,NA,NA,NA,NA,0.686666666666667,NA,NA,NA,NA,NA,NA,NA,NA,NA,NA
17.3,NA,NA,NA,NA,NA,NA,NA,NA,NA,NA,NA,NA,NA,0.965666666666667,NA,NA,NA,NA,NA,NA
17.35,NA,NA,NA,NA,NA,NA,NA,NA,NA,NA,NA,NA,NA,0.965666666666667,NA,NA,NA,NA,NA,NA
17.4,NA,NA,NA,NA,NA,NA,NA,NA,NA,NA,NA,NA,NA,NA,NA,NA,0.459666666666667,NA,NA,NA
17.45,NA,NA,NA,NA,NA,NA,NA,NA,NA,NA,NA,NA,NA,NA,NA,NA,0.459666666666667,NA,NA,NA
17.5,NA,NA,NA,NA,NA,NA,NA,NA,NA,NA,NA,NA,NA,NA,1.978,NA,NA,NA,NA,NA
17.55,NA,NA,NA,NA,NA,NA,NA,NA,NA,NA,NA,NA,NA,NA,NA,NA,NA,NA,NA,NA
17.6,0.163,NA,NA,NA,NA,NA,NA,NA,NA,NA,NA,NA,2.23966666666667,NA,NA,NA,NA,NA,NA,NA
17.65,0.163,NA,NA,NA,NA,NA,NA,NA,0.843666666666667,NA,NA,NA,NA,NA,NA,NA,NA,NA,NA,NA
17.7,0.163,NA,0.244333333333333,NA,NA,NA,NA,NA,NA,NA,NA,0.57,NA,NA,NA,NA,NA,NA,NA,NA
17.75,NA,NA,0.244333333333333,NA,NA,NA,NA,NA,NA,NA,NA,0.57,NA,NA,NA,NA,NA,NA,NA,NA
17.8,NA,NA,0.244333333333333,NA,NA,NA,NA,NA,NA,NA,NA,NA,NA,NA,NA,NA,NA,NA,NA,NA
17.85,NA,NA,NA,0.459666666666667,NA,NA,NA,NA,NA,NA,NA,NA,NA,NA,NA,NA,NA,NA,NA,NA
17.9,NA,NA,NA,NA,NA,NA,NA,NA,NA,NA,NA,NA,NA,NA,NA,NA,NA,NA,NA,NA
17.95,NA,0.663333333333333,NA,NA,NA,NA,NA,NA,NA,NA,NA,NA,NA,NA,NA,NA,NA,NA,NA,NA
18,NA,NA,NA,NA,NA,NA,NA,1.03,NA,NA,NA,NA,NA,NA,NA,NA,NA,NA,NA,NA
18.05,NA,0.663333333333333,NA,NA,NA,2.60066666666667,NA,NA,NA,NA,NA,NA,NA,NA,NA,NA,NA,NA,NA,NA
18.1,NA,NA,0.232666666666667,NA,NA,2.60066666666667,NA,NA,NA,NA,0.0116666666666666,NA,NA,NA,NA,NA,NA,NA,NA,NA
18.15,NA,NA,0.232666666666667,NA,2.29766666666667,NA,NA,NA,NA,NA,NA,NA,NA,NA,NA,NA,NA,NA,NA,NA
18.2,NA,NA,0.232666666666667,NA,NA,NA,NA,NA,NA,NA,NA,NA,NA,NA,NA,NA,NA,NA,0.442,NA
18.25,NA,NA,NA,NA,NA,NA,NA,NA,NA,0.652,NA,NA,NA,NA,NA,NA,NA,NA,NA,NA
18.3,NA,NA,0.233,NA,NA,NA,NA,NA,NA,NA,NA,NA,NA,NA,NA,0.744666666666667,NA,NA,NA,NA
18.35,NA,NA,NA,NA,NA,NA,NA,NA,NA,NA,NA,NA,NA,NA,NA,0.744666666666667,NA,NA,NA,NA
18.4,NA,NA,NA,NA,NA,NA,NA,NA,NA,NA,NA,NA,NA,NA,NA,NA,NA,NA,NA,NA
18.45,NA,NA,NA,NA,NA,NA,NA,NA,NA,NA,NA,NA,NA,NA,NA,NA,NA,NA,NA,NA
18.5,NA,NA,NA,NA,NA,NA,3.58366666666667,NA,NA,NA,NA,NA,NA,NA,NA,NA,NA,NA,NA,NA
18.55,0.0873333333333333,NA,NA,NA,NA,NA,NA,NA,NA,NA,NA,0.576,NA,NA,NA,NA,NA,0.296666666666667,NA,NA
18.6,NA,NA,NA,NA,NA,NA,NA,NA,NA,NA,NA,NA,NA,NA,NA,NA,NA,0.296666666666667,NA,NA
18.65,NA,NA,NA,NA,NA,NA,NA,NA,NA,NA,NA,NA,NA,NA,NA,NA,NA,NA,NA,NA
18.7,NA,NA,NA,NA,NA,NA,NA,NA,1.053,NA,NA,NA,NA,NA,NA,NA,NA,NA,NA,NA
18.75,NA,NA,NA,NA,NA,NA,NA,NA,NA,NA,NA,NA,NA,0.977333333333333,NA,NA,NA,NA,NA,NA
18.8,NA,NA,NA,NA,NA,NA,NA,NA,NA,NA,NA,NA,NA,NA,2.28066666666667,NA,NA,NA,NA,NA
18.85,NA,NA,NA,NA,NA,NA,NA,NA,NA,NA,NA,NA,NA,NA,2.28066666666667,NA,NA,NA,NA,NA
18.9,NA,NA,NA,NA,NA,NA,NA,NA,NA,NA,NA,NA,NA,NA,NA,NA,0.622333333333333,NA,NA,NA
18.95,NA,NA,NA,NA,NA,NA,NA,NA,NA,NA,NA,NA,NA,NA,NA,NA,NA,NA,NA,NA
19,NA,NA,NA,NA,NA,NA,NA,NA,NA,NA,0.0233333333333333,NA,1.93733333333333,NA,NA,NA,NA,NA,NA,NA
19.05,NA,NA,NA,NA,NA,NA,NA,NA,NA,NA,NA,NA,NA,NA,NA,NA,NA,NA,NA,NA
19.1,NA,NA,NA,NA,NA,NA,NA,NA,NA,NA,NA,NA,NA,NA,NA,NA,NA,NA,NA,NA
19.15,NA,NA,NA,NA,NA,NA,NA,NA,NA,NA,NA,NA,NA,NA,NA,NA,NA,NA,NA,NA
19.2,NA,NA,NA,NA,NA,NA,NA,NA,NA,NA,NA,NA,NA,NA,NA,NA,NA,NA,NA,NA
19.25,NA,NA,NA,NA,NA,NA,NA,NA,NA,0.628333333333333,NA,NA,NA,NA,NA,NA,NA,NA,NA,NA
19.3,NA,NA,NA,NA,NA,NA,NA,1.053,NA,NA,NA,NA,NA,NA,NA,NA,NA,NA,NA,NA
19.35,NA,NA,NA,NA,NA,NA,NA,NA,NA,NA,NA,NA,NA,NA,NA,NA,NA,NA,NA,NA
19.4,NA,NA,NA,NA,NA,NA,NA,NA,NA,NA,NA,0.581666666666667,NA,NA,NA,NA,NA,NA,NA,NA
19.45,NA,NA,NA,NA,NA,NA,NA,NA,NA,NA,NA,NA,NA,NA,NA,NA,NA,NA,NA,NA
19.5,NA,NA,NA,NA,NA,NA,NA,NA,NA,NA,NA,NA,NA,NA,NA,NA,NA,NA,NA,NA
19.55,NA,NA,NA,NA,NA,NA,NA,NA,NA,NA,NA,NA,NA,NA,NA,NA,NA,NA,0.221,NA
19.6,NA,NA,NA,NA,NA,NA,NA,NA,NA,NA,NA,NA,NA,NA,NA,NA,NA,NA,0.221,NA
19.65,NA,NA,NA,NA,NA,NA,NA,NA,NA,NA,NA,NA,NA,NA,NA,0.832333333333333,NA,NA,NA,NA
19.7,NA,NA,NA,NA,NA,NA,NA,NA,NA,NA,NA,NA,NA,NA,NA,NA,NA,NA,NA,NA
19.75,NA,NA,NA,NA,NA,NA,NA,NA,0.942333333333333,NA,NA,NA,NA,NA,NA,NA,NA,NA,NA,NA
19.8,NA,NA,NA,NA,NA,NA,NA,NA,NA,NA,NA,NA,NA,NA,NA,NA,NA,NA,NA,NA
19.85,NA,NA,NA,NA,2.19333333333333,2.589,3.77,NA,NA,NA,0.0233333333333333,NA,NA,NA,NA,NA,NA,NA,NA,NA
19.9,NA,NA,NA,NA,NA,NA,NA,NA,NA,NA,NA,NA,NA,NA,NA,NA,NA,NA,NA,NA
19.95,NA,NA,NA,NA,NA,NA,NA,NA,NA,NA,NA,NA,NA,NA,NA,NA,NA,NA,NA,NA
20,NA,NA,NA,NA,NA,NA,NA,NA,NA,NA,NA,NA,NA,NA,NA,NA,NA,NA,NA,NA
20.05,NA,NA,NA,NA,NA,NA,NA,NA,NA,NA,NA,NA,NA,NA,NA,NA,NA,NA,NA,NA
20.1,NA,NA,NA,NA,NA,NA,NA,NA,NA,NA,NA,NA,NA,NA,NA,NA,NA,NA,NA,NA
20.15,NA,NA,NA,NA,NA,NA,NA,NA,NA,NA,NA,NA,NA,NA,2.61833333333333,NA,NA,0.320333333333333,NA,NA
20.2,NA,NA,NA,NA,NA,NA,NA,NA,NA,NA,NA,NA,NA,0.995,NA,NA,NA,NA,NA,NA
20.25,NA,NA,NA,NA,NA,NA,NA,NA,NA,0.593666666666667,NA,NA,NA,NA,NA,NA,NA,NA,NA,NA
20.3,NA,NA,0.355,NA,NA,NA,NA,NA,NA,NA,NA,0.593333333333333,NA,NA,NA,NA,NA,NA,NA,NA
20.35,NA,NA,NA,NA,NA,NA,NA,NA,NA,NA,NA,NA,NA,NA,NA,NA,NA,NA,NA,NA
20.4,NA,NA,NA,0.442333333333333,NA,NA,NA,NA,NA,NA,NA,NA,1.64633333333333,NA,NA,NA,0.744666666666667,NA,NA,NA
20.45,NA,NA,NA,0.442333333333333,NA,NA,NA,NA,NA,NA,NA,NA,NA,NA,NA,NA,NA,NA,NA,NA
20.5,NA,NA,NA,NA,NA,NA,NA,NA,NA,NA,NA,NA,NA,NA,NA,NA,NA,NA,NA,NA
20.55,NA,NA,NA,NA,NA,NA,NA,NA,NA,NA,NA,NA,NA,NA,NA,NA,NA,NA,NA,NA
20.6,NA,NA,NA,NA,NA,NA,NA,1.00666666666667,NA,NA,NA,NA,NA,NA,NA,NA,NA,NA,NA,NA
20.65,NA,NA,NA,NA,NA,NA,NA,NA,NA,NA,NA,NA,NA,NA,NA,NA,NA,NA,NA,NA
20.7,NA,NA,NA,NA,NA,NA,NA,NA,NA,NA,0.0173333333333333,NA,NA,NA,NA,NA,NA,NA,NA,NA
20.75,NA,NA,NA,NA,NA,NA,NA,NA,0.791333333333333,NA,0.0173333333333333,NA,NA,NA,NA,NA,NA,NA,NA,NA
20.8,NA,NA,NA,NA,NA,NA,NA,NA,NA,NA,NA,NA,NA,NA,NA,NA,NA,NA,NA,NA
20.85,NA,NA,NA,NA,NA,NA,NA,NA,NA,NA,NA,NA,NA,NA,NA,NA,NA,NA,NA,NA
20.9,NA,NA,NA,NA,NA,NA,NA,NA,NA,NA,NA,NA,NA,NA,NA,NA,NA,NA,NA,NA
20.95,NA,NA,0.227,NA,NA,NA,NA,NA,NA,NA,NA,NA,NA,NA,NA,NA,NA,NA,0.0289999999999999,NA
21,NA,NA,NA,NA,NA,NA,NA,NA,NA,NA,NA,NA,NA,NA,NA,0.907666666666667,NA,NA,NA,NA
21.05,NA,NA,NA,NA,NA,NA,NA,NA,NA,NA,NA,NA,NA,NA,NA,NA,NA,NA,NA,NA
21.1,NA,NA,NA,NA,NA,NA,NA,NA,NA,NA,NA,NA,NA,NA,NA,NA,NA,NA,NA,NA
21.15,NA,NA,NA,NA,NA,NA,3.77566666666667,NA,NA,NA,NA,0.616666666666667,NA,NA,NA,NA,NA,NA,NA,NA
21.2,NA,NA,NA,NA,NA,NA,NA,NA,NA,NA,NA,NA,NA,NA,NA,NA,NA,NA,NA,NA
21.25,NA,NA,NA,NA,NA,NA,NA,NA,NA,0.552666666666667,NA,NA,NA,NA,NA,NA,NA,NA,NA,NA
21.3,NA,NA,NA,NA,NA,NA,NA,NA,NA,NA,NA,NA,NA,NA,NA,NA,NA,NA,NA,NA
21.35,NA,NA,NA,NA,NA,NA,NA,NA,NA,NA,NA,NA,NA,NA,NA,NA,NA,NA,NA,NA
21.4,NA,NA,NA,NA,NA,NA,NA,NA,NA,NA,NA,NA,NA,NA,NA,NA,NA,NA,NA,NA
21.45,NA,NA,NA,NA,NA,NA,NA,NA,NA,NA,NA,NA,NA,NA,NA,NA,NA,NA,NA,NA
21.5,NA,NA,NA,NA,NA,NA,NA,NA,NA,NA,NA,NA,NA,NA,2.94366666666667,NA,NA,NA,NA,NA
21.55,NA,NA,NA,NA,NA,NA,NA,NA,NA,NA,0.0233333333333333,NA,NA,NA,NA,NA,NA,NA,NA,NA
21.6,NA,NA,NA,NA,NA,2.57166666666667,NA,NA,NA,NA,NA,NA,NA,NA,NA,NA,NA,NA,NA,NA
21.65,NA,NA,NA,NA,1.85,NA,NA,NA,NA,NA,NA,NA,NA,1.00633333333333,NA,NA,NA,NA,NA,NA
21.7,NA,NA,NA,NA,NA,NA,NA,NA,0.878333333333333,NA,NA,NA,NA,NA,NA,NA,NA,0.378333333333333,NA,NA
21.75,NA,NA,NA,NA,NA,NA,NA,NA,NA,NA,NA,NA,NA,NA,NA,NA,NA,NA,NA,NA
21.8,NA,NA,NA,NA,NA,NA,NA,NA,NA,NA,NA,NA,NA,NA,NA,NA,NA,NA,NA,NA
21.85,NA,NA,NA,NA,NA,NA,NA,NA,NA,NA,NA,NA,1.35,NA,NA,NA,NA,NA,NA,NA
21.9,NA,NA,NA,NA,NA,NA,NA,0.878666666666667,NA,NA,NA,NA,NA,NA,NA,NA,0.971666666666667,NA,NA,NA
21.95,NA,NA,NA,NA,NA,NA,NA,NA,NA,NA,NA,NA,NA,NA,NA,NA,NA,NA,NA,NA
22,NA,NA,NA,NA,NA,NA,NA,NA,NA,NA,NA,0.628333333333333,NA,NA,NA,NA,NA,NA,NA,NA
22.05,NA,NA,NA,NA,NA,NA,NA,NA,NA,NA,NA,NA,NA,NA,NA,NA,NA,NA,NA,NA
22.1,NA,NA,NA,NA,NA,NA,NA,NA,NA,NA,NA,NA,NA,NA,NA,NA,NA,NA,NA,NA
22.15,NA,NA,NA,NA,NA,NA,NA,NA,NA,NA,NA,NA,NA,NA,NA,NA,NA,NA,NA,NA
22.2,NA,NA,NA,NA,NA,NA,NA,NA,NA,NA,NA,NA,NA,NA,NA,NA,NA,NA,NA,NA
22.25,NA,NA,NA,NA,NA,NA,NA,NA,NA,0.535,NA,NA,NA,NA,NA,NA,NA,NA,NA,NA
22.3,NA,NA,NA,NA,NA,NA,NA,NA,NA,NA,NA,NA,NA,NA,NA,NA,NA,NA,NA,NA
22.35,NA,NA,NA,NA,NA,NA,NA,NA,NA,NA,NA,NA,NA,NA,NA,0.983333333333333,NA,NA,NA,NA
22.4,0.221,0.709666666666667,NA,NA,NA,NA,NA,NA,NA,NA,0.0116666666666667,NA,NA,NA,NA,NA,NA,NA,NA,NA
22.45,0.221,0.709666666666667,NA,NA,NA,NA,NA,NA,NA,NA,NA,NA,NA,NA,NA,NA,NA,NA,NA,NA
22.5,NA,NA,NA,NA,NA,NA,3.53133333333333,NA,NA,NA,NA,NA,NA,NA,NA,NA,NA,NA,NA,NA
22.55,NA,NA,NA,NA,NA,NA,NA,NA,NA,NA,NA,NA,NA,NA,NA,NA,NA,NA,NA,NA
22.6,NA,NA,NA,NA,NA,NA,NA,NA,NA,NA,NA,NA,NA,NA,NA,NA,NA,NA,NA,NA
22.65,NA,NA,NA,NA,NA,NA,NA,NA,NA,NA,NA,NA,NA,NA,NA,NA,NA,NA,NA,NA
22.7,NA,NA,0.407,NA,NA,NA,NA,NA,NA,NA,NA,NA,NA,NA,NA,NA,NA,NA,NA,NA
22.75,NA,NA,NA,NA,NA,NA,NA,NA,0.954,NA,NA,NA,NA,NA,NA,NA,NA,NA,NA,NA
22.8,NA,NA,NA,NA,NA,NA,NA,NA,NA,NA,NA,NA,NA,NA,NA,NA,NA,NA,NA,NA
22.85,NA,NA,NA,NA,NA,NA,NA,NA,NA,NA,NA,0.628333333333333,NA,NA,3.287,NA,NA,NA,NA,NA
22.9,NA,NA,NA,NA,NA,NA,NA,NA,NA,NA,NA,NA,NA,NA,NA,NA,NA,NA,NA,NA
22.95,NA,NA,NA,0.407333333333333,NA,NA,NA,NA,NA,NA,NA,NA,NA,NA,NA,NA,NA,NA,NA,NA
23,NA,NA,NA,NA,NA,NA,NA,NA,NA,NA,NA,NA,NA,NA,NA,NA,NA,NA,NA,NA
23.05,NA,NA,NA,NA,NA,NA,NA,NA,NA,NA,NA,NA,NA,NA,NA,NA,NA,NA,NA,NA
23.1,NA,NA,NA,NA,NA,NA,NA,NA,NA,NA,NA,NA,NA,1.012,NA,NA,NA,NA,NA,NA
23.15,NA,NA,NA,NA,NA,NA,NA,NA,NA,NA,NA,NA,NA,NA,NA,NA,NA,NA,NA,NA
23.2,NA,NA,NA,NA,NA,NA,NA,0.692333333333333,NA,NA,NA,NA,NA,NA,NA,NA,NA,0.430666666666667,NA,NA
23.25,NA,NA,NA,NA,NA,NA,NA,NA,NA,NA,0.029,NA,1.03533333333333,NA,NA,NA,NA,NA,NA,NA
23.3,NA,NA,NA,NA,NA,NA,NA,NA,NA,0.506333333333333,NA,NA,NA,NA,NA,NA,NA,NA,NA,NA
23.35,NA,NA,NA,NA,NA,2.519,NA,NA,NA,NA,NA,NA,NA,NA,NA,NA,NA,NA,NA,NA
23.4,NA,NA,NA,NA,NA,NA,NA,NA,NA,NA,NA,NA,NA,NA,NA,NA,1.16966666666667,NA,NA,NA
23.45,NA,NA,NA,NA,1.92566666666667,NA,NA,NA,NA,NA,NA,NA,NA,NA,NA,NA,NA,NA,NA,NA
23.5,NA,NA,NA,NA,NA,NA,NA,NA,NA,NA,NA,NA,NA,NA,NA,NA,NA,NA,NA,NA
23.55,NA,NA,0.07,NA,NA,NA,NA,NA,NA,NA,NA,NA,NA,NA,NA,NA,NA,NA,NA,NA
23.6,NA,NA,0.07,NA,NA,NA,NA,NA,NA,NA,NA,NA,NA,NA,NA,NA,NA,NA,NA,NA
23.65,NA,NA,NA,NA,NA,NA,NA,NA,NA,NA,NA,NA,NA,NA,NA,0.989,NA,NA,NA,NA
23.7,NA,NA,0.07,NA,NA,NA,NA,NA,NA,NA,NA,0.639666666666667,NA,NA,NA,NA,NA,NA,NA,NA
23.75,NA,NA,NA,NA,NA,NA,NA,NA,0.832,NA,NA,NA,NA,NA,NA,NA,NA,NA,NA,NA
23.8,NA,NA,NA,NA,NA,NA,3.07733333333333,NA,NA,NA,NA,NA,NA,NA,NA,NA,NA,NA,NA,NA
23.85,NA,NA,NA,NA,NA,NA,NA,NA,NA,NA,NA,NA,NA,NA,NA,NA,NA,NA,NA,NA
23.9,NA,NA,NA,NA,NA,NA,NA,NA,NA,NA,NA,NA,NA,NA,NA,NA,NA,NA,NA,NA
23.95,NA,NA,NA,NA,NA,NA,NA,NA,NA,NA,NA,NA,NA,NA,NA,NA,NA,NA,NA,NA
24,NA,NA,NA,NA,NA,NA,NA,NA,NA,NA,NA,NA,NA,NA,NA,NA,NA,NA,NA,NA
24.05,NA,NA,NA,NA,NA,NA,NA,NA,NA,NA,NA,NA,NA,NA,NA,NA,NA,NA,NA,NA
24.1,NA,NA,NA,NA,NA,NA,NA,NA,NA,NA,NA,NA,NA,NA,NA,NA,NA,NA,NA,NA
24.15,NA,NA,NA,NA,NA,NA,NA,NA,NA,NA,0.0523333333333333,NA,NA,NA,NA,NA,NA,NA,NA,NA
24.2,NA,NA,NA,NA,NA,NA,NA,NA,NA,NA,NA,NA,NA,NA,3.537,NA,NA,NA,NA,NA
24.25,NA,NA,NA,NA,NA,NA,NA,NA,NA,NA,NA,NA,NA,NA,NA,NA,NA,NA,NA,NA
24.3,NA,NA,NA,NA,NA,NA,NA,NA,NA,0.494666666666667,NA,NA,NA,NA,NA,NA,NA,NA,NA,NA
24.35,NA,NA,NA,NA,NA,NA,NA,NA,NA,NA,NA,NA,NA,NA,NA,NA,NA,NA,NA,NA
24.4,NA,NA,NA,NA,NA,NA,NA,NA,NA,NA,NA,NA,NA,NA,NA,NA,NA,NA,NA,NA
24.45,NA,NA,NA,NA,NA,NA,NA,0.576,NA,NA,NA,NA,NA,NA,NA,NA,NA,NA,NA,NA
24.5,NA,NA,NA,NA,NA,NA,NA,NA,NA,NA,NA,NA,NA,NA,NA,NA,NA,NA,NA,NA
24.55,NA,NA,NA,NA,NA,NA,NA,NA,NA,NA,NA,0.657666666666667,NA,1.03,NA,NA,NA,NA,NA,NA
24.6,NA,NA,NA,NA,NA,NA,NA,NA,NA,NA,NA,NA,NA,NA,NA,NA,NA,NA,NA,NA
24.65,NA,NA,NA,NA,NA,NA,NA,NA,NA,NA,NA,NA,NA,NA,NA,NA,NA,NA,NA,NA
24.7,NA,NA,NA,NA,NA,NA,NA,NA,NA,NA,NA,NA,0.733,NA,NA,NA,NA,0.425,NA,NA
24.75,NA,NA,NA,NA,NA,NA,NA,NA,0.768,NA,NA,NA,NA,NA,NA,NA,NA,NA,NA,NA
24.8,NA,NA,NA,NA,NA,NA,NA,NA,NA,NA,NA,NA,NA,NA,NA,NA,NA,NA,NA,NA
24.85,NA,NA,NA,NA,NA,NA,NA,NA,NA,NA,NA,NA,NA,NA,NA,NA,NA,NA,NA,NA
24.9,NA,NA,NA,NA,NA,NA,NA,NA,NA,NA,NA,NA,NA,NA,NA,0.902,1.297,NA,NA,NA
24.95,NA,NA,NA,NA,NA,NA,NA,NA,NA,NA,NA,NA,NA,NA,NA,NA,NA,NA,NA,NA
25,NA,NA,0.0756666666666667,0.296666666666667,NA,NA,NA,NA,NA,NA,0.0463333333333333,NA,NA,NA,NA,NA,NA,NA,NA,NA
